ID,VMean,VSTD,AMean,ASTD
1,-0.6875,0.650353595,-0.537878788,0.922775261
2,-1.3125,0.837241637,1.193181818,0.81186246
3,-0.020833333,0.409687687,-0.814393939,0.829702234
4,0.645833333,0.939922044,0.846590909,0.814862549
5,-1,0.802343625,1.03030303,1.098010795
6,-0.145833333,0.546284726,-0.745670996,0.697933437
